img,type
2_0.png,Breast
2_1.png,Breast
2_2.png,Breast
2_3.png,Breast
2_4.png,Breast
2_5.png,Breast
2_6.png,Breast
2_7.png,Breast
2_8.png,Breast
2_9.png,Breast
2_10.png,Breast
2_11.png,Breast
2_12.png,Breast
2_13.png,Breast
2_14.png,Breast
2_15.png,Breast
2_16.png,Breast
2_17.png,Breast
2_18.png,Breast
2_19.png,Breast
2_20.png,Breast
2_21.png,Breast
2_22.png,Breast
2_23.png,Breast
2_24.png,Breast
2_25.png,Breast
2_26.png,Breast
2_27.png,Breast
2_28.png,Breast
2_29.png,Breast
2_30.png,Breast
2_31.png,Breast
2_32.png,Breast
2_33.png,Breast
2_34.png,Breast
2_35.png,Breast
2_36.png,Breast
2_37.png,Breast
2_38.png,Breast
2_39.png,Breast
2_40.png,Breast
2_41.png,Breast
2_42.png,Breast
2_43.png,Breast
2_44.png,Breast
2_45.png,Breast
2_46.png,Breast
2_47.png,Breast
2_48.png,Breast
2_49.png,Breast
2_50.png,Breast
2_51.png,Breast
2_52.png,Breast
2_53.png,Breast
2_54.png,Breast
2_55.png,Breast
2_56.png,Breast
2_57.png,Breast
2_58.png,Breast
2_59.png,Breast
2_60.png,Breast
2_61.png,Breast
2_62.png,Breast
2_63.png,Breast
2_64.png,Breast
2_65.png,Breast
2_66.png,Breast
2_67.png,Breast
2_68.png,Breast
2_69.png,Breast
2_70.png,Breast
2_71.png,Breast
2_72.png,Breast
2_73.png,Breast
2_74.png,Breast
2_75.png,Breast
2_76.png,Breast
2_77.png,Breast
2_78.png,Breast
2_79.png,Breast
2_80.png,Breast
2_81.png,Breast
2_82.png,Breast
2_83.png,Breast
2_84.png,Breast
2_85.png,Breast
2_86.png,Breast
2_87.png,Breast
2_88.png,Breast
2_89.png,Breast
2_90.png,Breast
2_91.png,Breast
2_92.png,Breast
2_93.png,Breast
2_94.png,Breast
2_95.png,Breast
2_96.png,Breast
2_97.png,Breast
2_98.png,Breast
2_99.png,Breast
2_100.png,Breast
2_101.png,Breast
2_102.png,Breast
2_103.png,Breast
2_104.png,Breast
2_105.png,Breast
2_106.png,Breast
2_107.png,Breast
2_108.png,Breast
2_109.png,Breast
2_110.png,Breast
2_111.png,Breast
2_112.png,Breast
2_113.png,Breast
2_114.png,Breast
2_115.png,Breast
2_116.png,Breast
2_117.png,Breast
2_118.png,Breast
2_119.png,Breast
2_120.png,Breast
2_121.png,Breast
2_122.png,Breast
2_123.png,Breast
2_124.png,Breast
2_125.png,Breast
2_126.png,Breast
2_127.png,Breast
2_128.png,Breast
2_129.png,Breast
2_130.png,Breast
2_131.png,Breast
2_132.png,Breast
2_133.png,Breast
2_134.png,Breast
2_135.png,Breast
2_136.png,Breast
2_137.png,Breast
2_138.png,Breast
2_139.png,Breast
2_140.png,Breast
2_141.png,Breast
2_142.png,Breast
2_143.png,Breast
2_144.png,Breast
2_145.png,Breast
2_146.png,Breast
2_147.png,Breast
2_148.png,Breast
2_149.png,Breast
2_150.png,Breast
2_151.png,Breast
2_152.png,Breast
2_153.png,Breast
2_154.png,Breast
2_155.png,Breast
2_156.png,Breast
2_157.png,Breast
2_158.png,Breast
2_159.png,Breast
2_160.png,Breast
2_161.png,Breast
2_162.png,Breast
2_163.png,Breast
2_164.png,Breast
2_165.png,Breast
2_166.png,Breast
2_167.png,Breast
2_168.png,Breast
2_169.png,Breast
2_170.png,Breast
2_171.png,Breast
2_172.png,Breast
2_173.png,Breast
2_174.png,Breast
2_175.png,Breast
2_176.png,Breast
2_177.png,Breast
2_178.png,Breast
2_179.png,Breast
2_180.png,Breast
2_181.png,Breast
2_182.png,Breast
2_183.png,Breast
2_184.png,Breast
2_185.png,Breast
2_186.png,Breast
2_187.png,Breast
2_188.png,Breast
2_189.png,Breast
2_190.png,Breast
2_191.png,Breast
2_192.png,Breast
2_193.png,Breast
2_194.png,Breast
2_195.png,Breast
2_196.png,Breast
2_197.png,Breast
2_198.png,Breast
2_199.png,Breast
2_200.png,Breast
2_201.png,Breast
2_202.png,Breast
2_203.png,Breast
2_204.png,Breast
2_205.png,Breast
2_206.png,Breast
2_207.png,Breast
2_208.png,Breast
2_209.png,Breast
2_210.png,Breast
2_211.png,Breast
2_212.png,Breast
2_213.png,Breast
2_214.png,Breast
2_215.png,Breast
2_216.png,Breast
2_217.png,Breast
2_218.png,Breast
2_219.png,Breast
2_220.png,Breast
2_221.png,Breast
2_222.png,Breast
2_223.png,Breast
2_224.png,Breast
2_225.png,Breast
2_226.png,Breast
2_227.png,Breast
2_228.png,Breast
2_229.png,Breast
2_230.png,Breast
2_231.png,Breast
2_232.png,Breast
2_233.png,Breast
2_234.png,Breast
2_235.png,Breast
2_236.png,Breast
2_237.png,Breast
2_238.png,Breast
2_239.png,Breast
2_240.png,Breast
2_241.png,Breast
2_242.png,Breast
2_243.png,Breast
2_244.png,Breast
2_245.png,Breast
2_246.png,Breast
2_247.png,Breast
2_248.png,Breast
2_249.png,Breast
2_250.png,Breast
2_251.png,Breast
2_252.png,Breast
2_253.png,Breast
2_254.png,Breast
2_255.png,Breast
2_256.png,Breast
2_257.png,Breast
2_258.png,Breast
2_259.png,Breast
2_260.png,Breast
2_261.png,Breast
2_262.png,Breast
2_263.png,Breast
2_264.png,Breast
2_265.png,Breast
2_266.png,Breast
2_267.png,Breast
2_268.png,Breast
2_269.png,Breast
2_270.png,Breast
2_271.png,Breast
2_272.png,Breast
2_273.png,Breast
2_274.png,Breast
2_275.png,Breast
2_276.png,Breast
2_277.png,Breast
2_278.png,Breast
2_279.png,Breast
2_280.png,Breast
2_281.png,Breast
2_282.png,Breast
2_283.png,Breast
2_284.png,Breast
2_285.png,Breast
2_286.png,Breast
2_287.png,Breast
2_288.png,Breast
2_289.png,Breast
2_290.png,Breast
2_291.png,Breast
2_292.png,Breast
2_293.png,Breast
2_294.png,Breast
2_295.png,Breast
2_296.png,Breast
2_297.png,Breast
2_298.png,Breast
2_299.png,Breast
2_300.png,Breast
2_301.png,Breast
2_302.png,Breast
2_303.png,Breast
2_304.png,Breast
2_305.png,Breast
2_306.png,Breast
2_307.png,Breast
2_308.png,Breast
2_309.png,Breast
2_310.png,Breast
2_311.png,Breast
2_312.png,Breast
2_313.png,Breast
2_314.png,Breast
2_315.png,Breast
2_316.png,Breast
2_317.png,Breast
2_318.png,Breast
2_319.png,Breast
2_320.png,Breast
2_321.png,Breast
2_322.png,Breast
2_323.png,Breast
2_324.png,Breast
2_325.png,Breast
2_326.png,Breast
2_327.png,Breast
2_328.png,Breast
2_329.png,Breast
2_330.png,Breast
2_331.png,Breast
2_332.png,Breast
2_333.png,Breast
2_334.png,Breast
2_335.png,Breast
2_336.png,Breast
2_337.png,Breast
2_338.png,Breast
2_339.png,Breast
2_340.png,Breast
2_341.png,Breast
2_342.png,Breast
2_343.png,Breast
2_344.png,Breast
2_345.png,Breast
2_346.png,Breast
2_347.png,Breast
2_348.png,Breast
2_349.png,Breast
2_350.png,Breast
2_351.png,Breast
2_352.png,Breast
2_353.png,Breast
2_354.png,Breast
2_355.png,Breast
2_356.png,Breast
2_357.png,Breast
2_358.png,Breast
2_359.png,Breast
2_360.png,Breast
2_361.png,Breast
2_362.png,Breast
2_363.png,Breast
2_364.png,Breast
2_365.png,Breast
2_366.png,Breast
2_367.png,Breast
2_368.png,Breast
2_369.png,Breast
2_370.png,Breast
2_371.png,Breast
2_372.png,Breast
2_373.png,Breast
2_374.png,Breast
2_375.png,Breast
2_376.png,Breast
2_377.png,Breast
2_378.png,Breast
2_379.png,Breast
2_380.png,Breast
2_381.png,Breast
2_382.png,Breast
2_383.png,Breast
2_384.png,Breast
2_385.png,Breast
2_386.png,Breast
2_387.png,Breast
2_388.png,Breast
2_389.png,Breast
2_390.png,Breast
2_391.png,Breast
2_392.png,Breast
2_393.png,Breast
2_394.png,Breast
2_395.png,Breast
2_396.png,Breast
2_397.png,Breast
2_398.png,Breast
2_399.png,Breast
2_400.png,Breast
2_401.png,Breast
2_402.png,Breast
2_403.png,Breast
2_404.png,Breast
2_405.png,Breast
2_406.png,Breast
2_407.png,Breast
2_408.png,Breast
2_409.png,Breast
2_410.png,Breast
2_411.png,Breast
2_412.png,Breast
2_413.png,Breast
2_414.png,Breast
2_415.png,Breast
2_416.png,Breast
2_417.png,Breast
2_418.png,Breast
2_419.png,Breast
2_420.png,Breast
2_421.png,Breast
2_422.png,Breast
2_423.png,Breast
2_424.png,Breast
2_425.png,Breast
2_426.png,Breast
2_427.png,Breast
2_428.png,Breast
2_429.png,Breast
2_430.png,Breast
2_431.png,Breast
2_432.png,Breast
2_433.png,Breast
2_434.png,Breast
2_435.png,Breast
2_436.png,Breast
2_437.png,Breast
2_438.png,Breast
2_439.png,Breast
2_440.png,Breast
2_441.png,Breast
2_442.png,Breast
2_443.png,Breast
2_444.png,Breast
2_445.png,Breast
2_446.png,Breast
2_447.png,Breast
2_448.png,Breast
2_449.png,Breast
2_450.png,Breast
2_451.png,Breast
2_452.png,Breast
2_453.png,Breast
2_454.png,Breast
2_455.png,Breast
2_456.png,Breast
2_457.png,Breast
2_458.png,Breast
2_459.png,Breast
2_460.png,Breast
2_461.png,Breast
2_462.png,Breast
2_463.png,Breast
2_464.png,Breast
2_465.png,Breast
2_466.png,Breast
2_467.png,Breast
2_468.png,Breast
2_469.png,Breast
2_470.png,Breast
2_471.png,Breast
2_472.png,Breast
2_473.png,Breast
2_474.png,Breast
2_475.png,Breast
2_476.png,Breast
2_477.png,Breast
2_478.png,Breast
2_479.png,Breast
2_480.png,Breast
2_481.png,Breast
2_482.png,Breast
2_483.png,Breast
2_484.png,Breast
2_485.png,Breast
2_486.png,Breast
2_487.png,Breast
2_488.png,Breast
2_489.png,Breast
2_490.png,Breast
2_491.png,Breast
2_492.png,Breast
2_493.png,Breast
2_494.png,Breast
2_495.png,Breast
2_496.png,Breast
2_497.png,Breast
2_498.png,Breast
2_499.png,Breast
2_500.png,Breast
2_501.png,Breast
2_502.png,Breast
2_503.png,Breast
2_504.png,Breast
2_505.png,Breast
2_506.png,Breast
2_507.png,Breast
2_508.png,Breast
2_509.png,Breast
2_510.png,Breast
2_511.png,Breast
2_512.png,Breast
2_513.png,Breast
2_514.png,Breast
2_515.png,Breast
2_516.png,Breast
2_517.png,Breast
2_518.png,Breast
2_519.png,Breast
2_520.png,Breast
2_521.png,Breast
2_522.png,Breast
2_523.png,Breast
2_524.png,Breast
2_525.png,Breast
2_526.png,Breast
2_527.png,Breast
2_528.png,Breast
2_529.png,Breast
2_530.png,Breast
2_531.png,Breast
2_532.png,Breast
2_533.png,Breast
2_534.png,Breast
2_535.png,Breast
2_536.png,Breast
2_537.png,Breast
2_538.png,Breast
2_539.png,Breast
2_540.png,Breast
2_541.png,Breast
2_542.png,Breast
2_543.png,Breast
2_544.png,Breast
2_545.png,Breast
2_546.png,Breast
2_547.png,Breast
2_548.png,Breast
2_549.png,Breast
2_550.png,Breast
2_551.png,Breast
2_552.png,Breast
2_553.png,Breast
2_554.png,Breast
2_555.png,Breast
2_556.png,Breast
2_557.png,Breast
2_558.png,Breast
2_559.png,Breast
2_560.png,Breast
2_561.png,Breast
2_562.png,Breast
2_563.png,Breast
2_564.png,Breast
2_565.png,Breast
2_566.png,Breast
2_567.png,Breast
2_568.png,Breast
2_569.png,Breast
2_570.png,Breast
2_571.png,Breast
2_572.png,Breast
2_573.png,Breast
2_574.png,Breast
2_575.png,Breast
2_576.png,Breast
2_577.png,Breast
2_578.png,Breast
2_579.png,Breast
2_580.png,Breast
2_581.png,Breast
2_582.png,Breast
2_583.png,Breast
2_584.png,Breast
2_585.png,Breast
2_586.png,Breast
2_587.png,Breast
2_588.png,Breast
2_589.png,Breast
2_590.png,Breast
2_591.png,Breast
2_592.png,Breast
2_593.png,Breast
2_594.png,Breast
2_595.png,Breast
2_596.png,Breast
2_597.png,Breast
2_598.png,Breast
2_599.png,Breast
2_600.png,Breast
2_601.png,Breast
2_602.png,Breast
2_603.png,Breast
2_604.png,Breast
2_605.png,Breast
2_606.png,Breast
2_607.png,Breast
2_608.png,Breast
2_609.png,Breast
2_610.png,Breast
2_611.png,Breast
2_612.png,Breast
2_613.png,Breast
2_614.png,Breast
2_615.png,Breast
2_616.png,Breast
2_617.png,Breast
2_618.png,Breast
2_619.png,Breast
2_620.png,Breast
2_621.png,Breast
2_622.png,Breast
2_623.png,Breast
2_624.png,Breast
2_625.png,Breast
2_626.png,Breast
2_627.png,Breast
2_628.png,Breast
2_629.png,Breast
2_630.png,Breast
2_631.png,Breast
2_632.png,Breast
2_633.png,Breast
2_634.png,Breast
2_635.png,Breast
2_636.png,Breast
2_637.png,Breast
2_638.png,Breast
2_639.png,Breast
2_640.png,Breast
2_641.png,Breast
2_642.png,Breast
2_643.png,Breast
2_644.png,Breast
2_645.png,Breast
2_646.png,Breast
2_647.png,Breast
2_648.png,Breast
2_649.png,Breast
2_650.png,Breast
2_651.png,Breast
2_652.png,Breast
2_653.png,Breast
2_654.png,Breast
2_655.png,Breast
2_656.png,Breast
2_657.png,Breast
2_658.png,Breast
2_659.png,Breast
2_660.png,Breast
2_661.png,Breast
2_662.png,Breast
2_663.png,Breast
2_664.png,Breast
2_665.png,Breast
2_666.png,Breast
2_667.png,Breast
2_668.png,Breast
2_669.png,Breast
2_670.png,Breast
2_671.png,Breast
2_672.png,Breast
2_673.png,Breast
2_674.png,Breast
2_675.png,Breast
2_676.png,Breast
2_677.png,Breast
2_678.png,Breast
2_679.png,Breast
2_680.png,Breast
2_681.png,Breast
2_682.png,Breast
2_683.png,Breast
2_684.png,Breast
2_685.png,Breast
2_686.png,Breast
2_687.png,Breast
2_688.png,Breast
2_689.png,Breast
2_690.png,Breast
2_691.png,Breast
2_692.png,Breast
2_693.png,Breast
2_694.png,Breast
2_695.png,Breast
2_696.png,Breast
2_697.png,Breast
2_698.png,Breast
2_699.png,Breast
2_700.png,Breast
2_701.png,Breast
2_702.png,Breast
2_703.png,Breast
2_704.png,Breast
2_705.png,Breast
2_706.png,Colon
2_707.png,Colon
2_708.png,Colon
2_709.png,Colon
2_710.png,Colon
2_711.png,Colon
2_712.png,Colon
2_713.png,Colon
2_714.png,Colon
2_715.png,Colon
2_716.png,Colon
2_717.png,Colon
2_718.png,Colon
2_719.png,Colon
2_720.png,Colon
2_721.png,Colon
2_722.png,Colon
2_723.png,Colon
2_724.png,Colon
2_725.png,Colon
2_726.png,Colon
2_727.png,Colon
2_728.png,Colon
2_729.png,Colon
2_730.png,Colon
2_731.png,Colon
2_732.png,Colon
2_733.png,Colon
2_734.png,Colon
2_735.png,Colon
2_736.png,Colon
2_737.png,Colon
2_738.png,Colon
2_739.png,Colon
2_740.png,Colon
2_741.png,Colon
2_742.png,Colon
2_743.png,Colon
2_744.png,Colon
2_745.png,Colon
2_746.png,Colon
2_747.png,Colon
2_748.png,Colon
2_749.png,Colon
2_750.png,Colon
2_751.png,Colon
2_752.png,Colon
2_753.png,Colon
2_754.png,Colon
2_755.png,Colon
2_756.png,Colon
2_757.png,Colon
2_758.png,Colon
2_759.png,Colon
2_760.png,Colon
2_761.png,Colon
2_762.png,Colon
2_763.png,Colon
2_764.png,Colon
2_765.png,Colon
2_766.png,Colon
2_767.png,Colon
2_768.png,Colon
2_769.png,Colon
2_770.png,Colon
2_771.png,Colon
2_772.png,Colon
2_773.png,Colon
2_774.png,Colon
2_775.png,Colon
2_776.png,Colon
2_777.png,Colon
2_778.png,Colon
2_779.png,Colon
2_780.png,Colon
2_781.png,Colon
2_782.png,Colon
2_783.png,Colon
2_784.png,Colon
2_785.png,Colon
2_786.png,Colon
2_787.png,Colon
2_788.png,Colon
2_789.png,Colon
2_790.png,Colon
2_791.png,Colon
2_792.png,Colon
2_793.png,Colon
2_794.png,Colon
2_795.png,Colon
2_796.png,Colon
2_797.png,Colon
2_798.png,Colon
2_799.png,Colon
2_800.png,Colon
2_801.png,Colon
2_802.png,Colon
2_803.png,Colon
2_804.png,Colon
2_805.png,Colon
2_806.png,Colon
2_807.png,Colon
2_808.png,Colon
2_809.png,Colon
2_810.png,Colon
2_811.png,Colon
2_812.png,Colon
2_813.png,Colon
2_814.png,Colon
2_815.png,Colon
2_816.png,Lung
2_817.png,Lung
2_818.png,Lung
2_819.png,Lung
2_820.png,Lung
2_821.png,Lung
2_822.png,Lung
2_823.png,Lung
2_824.png,Lung
2_825.png,Lung
2_826.png,Lung
2_827.png,Lung
2_828.png,Lung
2_829.png,Lung
2_830.png,Lung
2_831.png,Breast
2_832.png,Breast
2_833.png,Breast
2_834.png,Breast
2_835.png,Breast
2_836.png,Breast
2_837.png,Breast
2_838.png,Breast
2_839.png,Breast
2_840.png,Breast
2_841.png,Colon
2_842.png,Colon
2_843.png,Kidney
2_844.png,Kidney
2_845.png,Kidney
2_846.png,Kidney
2_847.png,Kidney
2_848.png,Prostate
2_849.png,Prostate
2_850.png,Prostate
2_851.png,Bladder
2_852.png,Bladder
2_853.png,Bladder
2_854.png,Breast
2_855.png,Breast
2_856.png,Breast
2_857.png,Breast
2_858.png,Breast
2_859.png,Breast
2_860.png,Bladder
2_861.png,Bladder
2_862.png,Bladder
2_863.png,Prostate
2_864.png,Prostate
2_865.png,Prostate
2_866.png,Prostate
2_867.png,Prostate
2_868.png,Prostate
2_869.png,Prostate
2_870.png,Prostate
2_871.png,Prostate
2_872.png,Prostate
2_873.png,Prostate
2_874.png,Prostate
2_875.png,Prostate
2_876.png,Prostate
2_877.png,Prostate
2_878.png,Prostate
2_879.png,Prostate
2_880.png,Prostate
2_881.png,Prostate
2_882.png,Prostate
2_883.png,Prostate
2_884.png,Prostate
2_885.png,Kidney
2_886.png,Kidney
2_887.png,Kidney
2_888.png,Kidney
2_889.png,Kidney
2_890.png,Stomach
2_891.png,Stomach
2_892.png,Stomach
2_893.png,Stomach
2_894.png,Stomach
2_895.png,Ovarian
2_896.png,Ovarian
2_897.png,Ovarian
2_898.png,Ovarian
2_899.png,Esophagus
2_900.png,Esophagus
2_901.png,Esophagus
2_902.png,Esophagus
2_903.png,Esophagus
2_904.png,Esophagus
2_905.png,Esophagus
2_906.png,Esophagus
2_907.png,Esophagus
2_908.png,Esophagus
2_909.png,Esophagus
2_910.png,Esophagus
2_911.png,Esophagus
2_912.png,Esophagus
2_913.png,Esophagus
2_914.png,Esophagus
2_915.png,Esophagus
2_916.png,Esophagus
2_917.png,Esophagus
2_918.png,Esophagus
2_919.png,Esophagus
2_920.png,Esophagus
2_921.png,Esophagus
2_922.png,Esophagus
2_923.png,Esophagus
2_924.png,Esophagus
2_925.png,Esophagus
2_926.png,Esophagus
2_927.png,Esophagus
2_928.png,Esophagus
2_929.png,Lung
2_930.png,Lung
2_931.png,Lung
2_932.png,Lung
2_933.png,Lung
2_934.png,Lung
2_935.png,Lung
2_936.png,Lung
2_937.png,Lung
2_938.png,Lung
2_939.png,Lung
2_940.png,Lung
2_941.png,Lung
2_942.png,Lung
2_943.png,Lung
2_944.png,Lung
2_945.png,Lung
2_946.png,Lung
2_947.png,Lung
2_948.png,Lung
2_949.png,Lung
2_950.png,Lung
2_951.png,Lung
2_952.png,Lung
2_953.png,Lung
2_954.png,Lung
2_955.png,Lung
2_956.png,Uterus
2_957.png,Uterus
2_958.png,Uterus
2_959.png,Uterus
2_960.png,Uterus
2_961.png,Uterus
2_962.png,Uterus
2_963.png,Uterus
2_964.png,Uterus
2_965.png,Uterus
2_966.png,Uterus
2_967.png,Uterus
2_968.png,Uterus
2_969.png,Uterus
2_970.png,Uterus
2_971.png,Uterus
2_972.png,Uterus
2_973.png,Uterus
2_974.png,Uterus
2_975.png,Uterus
2_976.png,Uterus
2_977.png,Uterus
2_978.png,Uterus
2_979.png,Uterus
2_980.png,Uterus
2_981.png,Uterus
2_982.png,Uterus
2_983.png,Uterus
2_984.png,Uterus
2_985.png,Uterus
2_986.png,Uterus
2_987.png,Uterus
2_988.png,Uterus
2_989.png,Uterus
2_990.png,Uterus
2_991.png,Uterus
2_992.png,Uterus
2_993.png,Uterus
2_994.png,Uterus
2_995.png,Uterus
2_996.png,Uterus
2_997.png,Uterus
2_998.png,Uterus
2_999.png,Uterus
2_1000.png,Uterus
2_1001.png,Uterus
2_1002.png,Uterus
2_1003.png,Uterus
2_1004.png,Uterus
2_1005.png,Uterus
2_1006.png,Uterus
2_1007.png,Uterus
2_1008.png,Thyroid
2_1009.png,Thyroid
2_1010.png,Thyroid
2_1011.png,Thyroid
2_1012.png,Thyroid
2_1013.png,Thyroid
2_1014.png,Thyroid
2_1015.png,Thyroid
2_1016.png,Thyroid
2_1017.png,Skin
2_1018.png,Skin
2_1019.png,Skin
2_1020.png,Skin
2_1021.png,Skin
2_1022.png,Cervix
2_1023.png,Cervix
2_1024.png,Cervix
2_1025.png,Cervix
2_1026.png,Cervix
2_1027.png,Cervix
2_1028.png,Cervix
2_1029.png,Cervix
2_1030.png,Thyroid
2_1031.png,Thyroid
2_1032.png,Thyroid
2_1033.png,Thyroid
2_1034.png,Thyroid
2_1035.png,Thyroid
2_1036.png,Thyroid
2_1037.png,Thyroid
2_1038.png,Thyroid
2_1039.png,Thyroid
2_1040.png,Thyroid
2_1041.png,Thyroid
2_1042.png,Thyroid
2_1043.png,Esophagus
2_1044.png,Esophagus
2_1045.png,Esophagus
2_1046.png,Esophagus
2_1047.png,Esophagus
2_1048.png,Esophagus
2_1049.png,Esophagus
2_1050.png,Esophagus
2_1051.png,Esophagus
2_1052.png,Esophagus
2_1053.png,Esophagus
2_1054.png,Esophagus
2_1055.png,Esophagus
2_1056.png,Esophagus
2_1057.png,Esophagus
2_1058.png,Esophagus
2_1059.png,Esophagus
2_1060.png,Esophagus
2_1061.png,Esophagus
2_1062.png,Esophagus
2_1063.png,Esophagus
2_1064.png,Esophagus
2_1065.png,Esophagus
2_1066.png,Esophagus
2_1067.png,Esophagus
2_1068.png,Esophagus
2_1069.png,Esophagus
2_1070.png,Esophagus
2_1071.png,Esophagus
2_1072.png,Esophagus
2_1073.png,Esophagus
2_1074.png,Esophagus
2_1075.png,Esophagus
2_1076.png,Cervix
2_1077.png,Cervix
2_1078.png,Cervix
2_1079.png,Cervix
2_1080.png,Cervix
2_1081.png,Cervix
2_1082.png,Cervix
2_1083.png,Cervix
2_1084.png,Cervix
2_1085.png,Cervix
2_1086.png,Cervix
2_1087.png,Cervix
2_1088.png,Cervix
2_1089.png,Cervix
2_1090.png,Cervix
2_1091.png,Cervix
2_1092.png,Cervix
2_1093.png,Adrenal_gland
2_1094.png,Adrenal_gland
2_1095.png,Adrenal_gland
2_1096.png,Adrenal_gland
2_1097.png,Adrenal_gland
2_1098.png,Adrenal_gland
2_1099.png,Adrenal_gland
2_1100.png,Adrenal_gland
2_1101.png,Adrenal_gland
2_1102.png,Adrenal_gland
2_1103.png,Adrenal_gland
2_1104.png,Adrenal_gland
2_1105.png,Adrenal_gland
2_1106.png,Adrenal_gland
2_1107.png,Adrenal_gland
2_1108.png,Adrenal_gland
2_1109.png,Adrenal_gland
2_1110.png,Adrenal_gland
2_1111.png,Adrenal_gland
2_1112.png,Adrenal_gland
2_1113.png,Adrenal_gland
2_1114.png,Adrenal_gland
2_1115.png,Adrenal_gland
2_1116.png,Adrenal_gland
2_1117.png,Adrenal_gland
2_1118.png,Adrenal_gland
2_1119.png,Adrenal_gland
2_1120.png,Adrenal_gland
2_1121.png,Adrenal_gland
2_1122.png,Adrenal_gland
2_1123.png,Adrenal_gland
2_1124.png,Adrenal_gland
2_1125.png,Adrenal_gland
2_1126.png,Adrenal_gland
2_1127.png,Adrenal_gland
2_1128.png,Adrenal_gland
2_1129.png,Adrenal_gland
2_1130.png,Adrenal_gland
2_1131.png,Adrenal_gland
2_1132.png,Adrenal_gland
2_1133.png,Adrenal_gland
2_1134.png,Adrenal_gland
2_1135.png,Adrenal_gland
2_1136.png,Adrenal_gland
2_1137.png,Adrenal_gland
2_1138.png,Adrenal_gland
2_1139.png,Adrenal_gland
2_1140.png,Adrenal_gland
2_1141.png,Adrenal_gland
2_1142.png,Adrenal_gland
2_1143.png,Adrenal_gland
2_1144.png,Adrenal_gland
2_1145.png,Adrenal_gland
2_1146.png,Adrenal_gland
2_1147.png,Adrenal_gland
2_1148.png,Esophagus
2_1149.png,Esophagus
2_1150.png,Esophagus
2_1151.png,Esophagus
2_1152.png,Esophagus
2_1153.png,Esophagus
2_1154.png,Esophagus
2_1155.png,Esophagus
2_1156.png,Esophagus
2_1157.png,Esophagus
2_1158.png,Esophagus
2_1159.png,Esophagus
2_1160.png,Esophagus
2_1161.png,Esophagus
2_1162.png,Esophagus
2_1163.png,Esophagus
2_1164.png,Esophagus
2_1165.png,Esophagus
2_1166.png,Esophagus
2_1167.png,Esophagus
2_1168.png,Esophagus
2_1169.png,Esophagus
2_1170.png,Esophagus
2_1171.png,Esophagus
2_1172.png,Esophagus
2_1173.png,Esophagus
2_1174.png,Esophagus
2_1175.png,Esophagus
2_1176.png,Esophagus
2_1177.png,Esophagus
2_1178.png,Esophagus
2_1179.png,Esophagus
2_1180.png,Esophagus
2_1181.png,Esophagus
2_1182.png,Esophagus
2_1183.png,Esophagus
2_1184.png,Esophagus
2_1185.png,Esophagus
2_1186.png,Adrenal_gland
2_1187.png,Adrenal_gland
2_1188.png,Adrenal_gland
2_1189.png,Adrenal_gland
2_1190.png,Adrenal_gland
2_1191.png,Adrenal_gland
2_1192.png,Adrenal_gland
2_1193.png,Adrenal_gland
2_1194.png,Adrenal_gland
2_1195.png,Adrenal_gland
2_1196.png,Adrenal_gland
2_1197.png,Adrenal_gland
2_1198.png,Adrenal_gland
2_1199.png,Adrenal_gland
2_1200.png,Adrenal_gland
2_1201.png,Adrenal_gland
2_1202.png,Adrenal_gland
2_1203.png,Adrenal_gland
2_1204.png,Pancreatic
2_1205.png,Pancreatic
2_1206.png,Pancreatic
2_1207.png,Pancreatic
2_1208.png,Pancreatic
2_1209.png,Pancreatic
2_1210.png,Pancreatic
2_1211.png,Pancreatic
2_1212.png,Adrenal_gland
2_1213.png,Adrenal_gland
2_1214.png,Adrenal_gland
2_1215.png,Adrenal_gland
2_1216.png,Adrenal_gland
2_1217.png,Adrenal_gland
2_1218.png,Adrenal_gland
2_1219.png,Adrenal_gland
2_1220.png,Adrenal_gland
2_1221.png,Adrenal_gland
2_1222.png,Adrenal_gland
2_1223.png,Adrenal_gland
2_1224.png,Cervix
2_1225.png,Cervix
2_1226.png,Cervix
2_1227.png,Cervix
2_1228.png,Cervix
2_1229.png,Cervix
2_1230.png,Cervix
2_1231.png,Cervix
2_1232.png,Cervix
2_1233.png,Cervix
2_1234.png,Cervix
2_1235.png,Cervix
2_1236.png,Cervix
2_1237.png,Cervix
2_1238.png,Cervix
2_1239.png,Cervix
2_1240.png,Cervix
2_1241.png,Cervix
2_1242.png,Cervix
2_1243.png,Cervix
2_1244.png,Cervix
2_1245.png,Cervix
2_1246.png,Cervix
2_1247.png,Cervix
2_1248.png,Bile-duct
2_1249.png,Bile-duct
2_1250.png,Bile-duct
2_1251.png,Bile-duct
2_1252.png,Bile-duct
2_1253.png,Bile-duct
2_1254.png,Bile-duct
2_1255.png,Bile-duct
2_1256.png,Bile-duct
2_1257.png,Bile-duct
2_1258.png,Bile-duct
2_1259.png,Bile-duct
2_1260.png,Bile-duct
2_1261.png,Bile-duct
2_1262.png,Bile-duct
2_1263.png,Bile-duct
2_1264.png,Bile-duct
2_1265.png,Bile-duct
2_1266.png,Bile-duct
2_1267.png,Bile-duct
2_1268.png,Bile-duct
2_1269.png,Bile-duct
2_1270.png,Bile-duct
2_1271.png,Bile-duct
2_1272.png,Bile-duct
2_1273.png,Bile-duct
2_1274.png,Bile-duct
2_1275.png,Bile-duct
2_1276.png,Bile-duct
2_1277.png,Bile-duct
2_1278.png,Bile-duct
2_1279.png,Bile-duct
2_1280.png,Bile-duct
2_1281.png,Bile-duct
2_1282.png,Bile-duct
2_1283.png,Bile-duct
2_1284.png,Bile-duct
2_1285.png,Bile-duct
2_1286.png,Testis
2_1287.png,Testis
2_1288.png,Testis
2_1289.png,Testis
2_1290.png,Testis
2_1291.png,Testis
2_1292.png,Testis
2_1293.png,Testis
2_1294.png,Testis
2_1295.png,Testis
2_1296.png,Testis
2_1297.png,Testis
2_1298.png,Testis
2_1299.png,Testis
2_1300.png,Testis
2_1301.png,Testis
2_1302.png,Testis
2_1303.png,Testis
2_1304.png,Testis
2_1305.png,Testis
2_1306.png,Testis
2_1307.png,Testis
2_1308.png,Testis
2_1309.png,Testis
2_1310.png,Testis
2_1311.png,Testis
2_1312.png,Testis
2_1313.png,Testis
2_1314.png,Testis
2_1315.png,Bile-duct
2_1316.png,Bile-duct
2_1317.png,Bile-duct
2_1318.png,Bile-duct
2_1319.png,Bile-duct
2_1320.png,Bile-duct
2_1321.png,Bile-duct
2_1322.png,Bile-duct
2_1323.png,Bile-duct
2_1324.png,Bile-duct
2_1325.png,Bile-duct
2_1326.png,Bile-duct
2_1327.png,Bile-duct
2_1328.png,Bile-duct
2_1329.png,Bile-duct
2_1330.png,Bile-duct
2_1331.png,Bile-duct
2_1332.png,Bile-duct
2_1333.png,Bile-duct
2_1334.png,Bile-duct
2_1335.png,Bile-duct
2_1336.png,Bile-duct
2_1337.png,Bile-duct
2_1338.png,Bile-duct
2_1339.png,Bile-duct
2_1340.png,Bile-duct
2_1341.png,Bile-duct
2_1342.png,Bile-duct
2_1343.png,Bile-duct
2_1344.png,Bile-duct
2_1345.png,Bile-duct
2_1346.png,Bile-duct
2_1347.png,Bile-duct
2_1348.png,Bile-duct
2_1349.png,Bile-duct
2_1350.png,Colon
2_1351.png,Colon
2_1352.png,Colon
2_1353.png,Colon
2_1354.png,Colon
2_1355.png,Colon
2_1356.png,Colon
2_1357.png,Colon
2_1358.png,Colon
2_1359.png,Colon
2_1360.png,Colon
2_1361.png,Colon
2_1362.png,Colon
2_1363.png,Colon
2_1364.png,Colon
2_1365.png,Colon
2_1366.png,Colon
2_1367.png,Colon
2_1368.png,Colon
2_1369.png,Colon
2_1370.png,Colon
2_1371.png,Colon
2_1372.png,Colon
2_1373.png,Colon
2_1374.png,Colon
2_1375.png,Colon
2_1376.png,Colon
2_1377.png,Colon
2_1378.png,Colon
2_1379.png,Colon
2_1380.png,Colon
2_1381.png,Colon
2_1382.png,Colon
2_1383.png,Colon
2_1384.png,Colon
2_1385.png,Colon
2_1386.png,Colon
2_1387.png,Colon
2_1388.png,Colon
2_1389.png,Colon
2_1390.png,Colon
2_1391.png,Colon
2_1392.png,Colon
2_1393.png,Colon
2_1394.png,Colon
2_1395.png,Colon
2_1396.png,Colon
2_1397.png,Colon
2_1398.png,Adrenal_gland
2_1399.png,Adrenal_gland
2_1400.png,Adrenal_gland
2_1401.png,Adrenal_gland
2_1402.png,Adrenal_gland
2_1403.png,Adrenal_gland
2_1404.png,Adrenal_gland
2_1405.png,Adrenal_gland
2_1406.png,Adrenal_gland
2_1407.png,Adrenal_gland
2_1408.png,Adrenal_gland
2_1409.png,Adrenal_gland
2_1410.png,Adrenal_gland
2_1411.png,Adrenal_gland
2_1412.png,Adrenal_gland
2_1413.png,Adrenal_gland
2_1414.png,Adrenal_gland
2_1415.png,Adrenal_gland
2_1416.png,Adrenal_gland
2_1417.png,Adrenal_gland
2_1418.png,Adrenal_gland
2_1419.png,Adrenal_gland
2_1420.png,Adrenal_gland
2_1421.png,Adrenal_gland
2_1422.png,Adrenal_gland
2_1423.png,Adrenal_gland
2_1424.png,Adrenal_gland
2_1425.png,Adrenal_gland
2_1426.png,Adrenal_gland
2_1427.png,Adrenal_gland
2_1428.png,Adrenal_gland
2_1429.png,Adrenal_gland
2_1430.png,Adrenal_gland
2_1431.png,Adrenal_gland
2_1432.png,Adrenal_gland
2_1433.png,Adrenal_gland
2_1434.png,Adrenal_gland
2_1435.png,Adrenal_gland
2_1436.png,Adrenal_gland
2_1437.png,Adrenal_gland
2_1438.png,Adrenal_gland
2_1439.png,Adrenal_gland
2_1440.png,Adrenal_gland
2_1441.png,Adrenal_gland
2_1442.png,Adrenal_gland
2_1443.png,Adrenal_gland
2_1444.png,Adrenal_gland
2_1445.png,Adrenal_gland
2_1446.png,Adrenal_gland
2_1447.png,Adrenal_gland
2_1448.png,Adrenal_gland
2_1449.png,Adrenal_gland
2_1450.png,Adrenal_gland
2_1451.png,Adrenal_gland
2_1452.png,Adrenal_gland
2_1453.png,Adrenal_gland
2_1454.png,Adrenal_gland
2_1455.png,Adrenal_gland
2_1456.png,Adrenal_gland
2_1457.png,Adrenal_gland
2_1458.png,Adrenal_gland
2_1459.png,Adrenal_gland
2_1460.png,Adrenal_gland
2_1461.png,Adrenal_gland
2_1462.png,Adrenal_gland
2_1463.png,Adrenal_gland
2_1464.png,Adrenal_gland
2_1465.png,Adrenal_gland
2_1466.png,Adrenal_gland
2_1467.png,Adrenal_gland
2_1468.png,Bile-duct
2_1469.png,Bile-duct
2_1470.png,Bile-duct
2_1471.png,Bile-duct
2_1472.png,Bile-duct
2_1473.png,Bile-duct
2_1474.png,Bile-duct
2_1475.png,Bile-duct
2_1476.png,Bile-duct
2_1477.png,Bile-duct
2_1478.png,Bile-duct
2_1479.png,Bile-duct
2_1480.png,Bile-duct
2_1481.png,Bile-duct
2_1482.png,Bile-duct
2_1483.png,Bile-duct
2_1484.png,Bile-duct
2_1485.png,Bile-duct
2_1486.png,Bile-duct
2_1487.png,Bile-duct
2_1488.png,Bile-duct
2_1489.png,Bile-duct
2_1490.png,Bile-duct
2_1491.png,Bile-duct
2_1492.png,Bile-duct
2_1493.png,Bile-duct
2_1494.png,Bile-duct
2_1495.png,Bile-duct
2_1496.png,Bile-duct
2_1497.png,Bile-duct
2_1498.png,Bile-duct
2_1499.png,Bile-duct
2_1500.png,Bile-duct
2_1501.png,Bile-duct
2_1502.png,Bile-duct
2_1503.png,Bile-duct
2_1504.png,Bile-duct
2_1505.png,Bile-duct
2_1506.png,Bile-duct
2_1507.png,Bile-duct
2_1508.png,Bile-duct
2_1509.png,Bile-duct
2_1510.png,Bile-duct
2_1511.png,Bile-duct
2_1512.png,Bile-duct
2_1513.png,Bile-duct
2_1514.png,Bile-duct
2_1515.png,Bile-duct
2_1516.png,Bile-duct
2_1517.png,Bile-duct
2_1518.png,Bile-duct
2_1519.png,Bile-duct
2_1520.png,Bile-duct
2_1521.png,Bile-duct
2_1522.png,Bile-duct
2_1523.png,Bile-duct
2_1524.png,Bile-duct
2_1525.png,Bile-duct
2_1526.png,Bile-duct
2_1527.png,Bile-duct
2_1528.png,Bile-duct
2_1529.png,Bile-duct
2_1530.png,Bile-duct
2_1531.png,Bile-duct
2_1532.png,Bile-duct
2_1533.png,Bile-duct
2_1534.png,Bile-duct
2_1535.png,Bile-duct
2_1536.png,Bile-duct
2_1537.png,Bile-duct
2_1538.png,Bile-duct
2_1539.png,Bile-duct
2_1540.png,Bile-duct
2_1541.png,Bile-duct
2_1542.png,Bile-duct
2_1543.png,Bile-duct
2_1544.png,Bile-duct
2_1545.png,Bile-duct
2_1546.png,Bile-duct
2_1547.png,Bile-duct
2_1548.png,Bile-duct
2_1549.png,Bile-duct
2_1550.png,Bile-duct
2_1551.png,Bile-duct
2_1552.png,Bile-duct
2_1553.png,Bladder
2_1554.png,Bladder
2_1555.png,Bladder
2_1556.png,Bladder
2_1557.png,Bladder
2_1558.png,Bladder
2_1559.png,Bladder
2_1560.png,Bladder
2_1561.png,Bladder
2_1562.png,Bladder
2_1563.png,Bladder
2_1564.png,Bladder
2_1565.png,Bladder
2_1566.png,Bladder
2_1567.png,Bladder
2_1568.png,Bladder
2_1569.png,Bladder
2_1570.png,Bladder
2_1571.png,Bladder
2_1572.png,Bladder
2_1573.png,Bladder
2_1574.png,Bladder
2_1575.png,Bladder
2_1576.png,Bladder
2_1577.png,Bladder
2_1578.png,Bladder
2_1579.png,Bladder
2_1580.png,Bladder
2_1581.png,Bladder
2_1582.png,Bladder
2_1583.png,Bladder
2_1584.png,Bladder
2_1585.png,Bladder
2_1586.png,Bladder
2_1587.png,Bladder
2_1588.png,Bladder
2_1589.png,Bladder
2_1590.png,Bladder
2_1591.png,Bladder
2_1592.png,Bladder
2_1593.png,Bladder
2_1594.png,Bladder
2_1595.png,Bladder
2_1596.png,Bladder
2_1597.png,Bladder
2_1598.png,Bladder
2_1599.png,Bladder
2_1600.png,Bladder
2_1601.png,Bladder
2_1602.png,Bladder
2_1603.png,Bladder
2_1604.png,Bladder
2_1605.png,Bladder
2_1606.png,Bladder
2_1607.png,Bladder
2_1608.png,Bladder
2_1609.png,Bladder
2_1610.png,Bladder
2_1611.png,Breast
2_1612.png,Breast
2_1613.png,Breast
2_1614.png,Breast
2_1615.png,Breast
2_1616.png,Breast
2_1617.png,Breast
2_1618.png,Breast
2_1619.png,Breast
2_1620.png,Breast
2_1621.png,Breast
2_1622.png,Breast
2_1623.png,Breast
2_1624.png,Breast
2_1625.png,Breast
2_1626.png,Breast
2_1627.png,Breast
2_1628.png,Breast
2_1629.png,Breast
2_1630.png,Breast
2_1631.png,Breast
2_1632.png,Breast
2_1633.png,Breast
2_1634.png,Breast
2_1635.png,Breast
2_1636.png,Breast
2_1637.png,Breast
2_1638.png,Breast
2_1639.png,Breast
2_1640.png,Breast
2_1641.png,Breast
2_1642.png,Breast
2_1643.png,Breast
2_1644.png,Breast
2_1645.png,Breast
2_1646.png,Breast
2_1647.png,Breast
2_1648.png,Breast
2_1649.png,Breast
2_1650.png,Breast
2_1651.png,Breast
2_1652.png,Breast
2_1653.png,Breast
2_1654.png,Breast
2_1655.png,Breast
2_1656.png,Breast
2_1657.png,Breast
2_1658.png,Breast
2_1659.png,Breast
2_1660.png,Breast
2_1661.png,Breast
2_1662.png,Breast
2_1663.png,Breast
2_1664.png,Cervix
2_1665.png,Cervix
2_1666.png,Cervix
2_1667.png,Cervix
2_1668.png,Cervix
2_1669.png,Cervix
2_1670.png,Cervix
2_1671.png,Cervix
2_1672.png,Cervix
2_1673.png,Cervix
2_1674.png,Cervix
2_1675.png,Cervix
2_1676.png,Cervix
2_1677.png,Cervix
2_1678.png,Cervix
2_1679.png,Cervix
2_1680.png,Cervix
2_1681.png,Cervix
2_1682.png,Cervix
2_1683.png,Cervix
2_1684.png,Cervix
2_1685.png,Cervix
2_1686.png,Cervix
2_1687.png,Cervix
2_1688.png,Cervix
2_1689.png,Cervix
2_1690.png,Cervix
2_1691.png,Cervix
2_1692.png,Cervix
2_1693.png,Cervix
2_1694.png,Cervix
2_1695.png,Cervix
2_1696.png,Cervix
2_1697.png,Cervix
2_1698.png,Cervix
2_1699.png,Cervix
2_1700.png,Cervix
2_1701.png,Colon
2_1702.png,Colon
2_1703.png,Colon
2_1704.png,Colon
2_1705.png,Colon
2_1706.png,Colon
2_1707.png,Colon
2_1708.png,Colon
2_1709.png,Colon
2_1710.png,Colon
2_1711.png,Colon
2_1712.png,Colon
2_1713.png,Colon
2_1714.png,Colon
2_1715.png,Colon
2_1716.png,Colon
2_1717.png,Colon
2_1718.png,Colon
2_1719.png,Colon
2_1720.png,Colon
2_1721.png,Colon
2_1722.png,Colon
2_1723.png,Colon
2_1724.png,Colon
2_1725.png,Colon
2_1726.png,Colon
2_1727.png,Colon
2_1728.png,Colon
2_1729.png,Colon
2_1730.png,Colon
2_1731.png,Colon
2_1732.png,Colon
2_1733.png,Colon
2_1734.png,Colon
2_1735.png,Colon
2_1736.png,Colon
2_1737.png,Colon
2_1738.png,Colon
2_1739.png,Colon
2_1740.png,Colon
2_1741.png,Colon
2_1742.png,Colon
2_1743.png,Colon
2_1744.png,Colon
2_1745.png,Colon
2_1746.png,Colon
2_1747.png,Colon
2_1748.png,Colon
2_1749.png,Colon
2_1750.png,Colon
2_1751.png,Colon
2_1752.png,Colon
2_1753.png,Colon
2_1754.png,Colon
2_1755.png,Colon
2_1756.png,Colon
2_1757.png,Colon
2_1758.png,Colon
2_1759.png,Colon
2_1760.png,Colon
2_1761.png,Colon
2_1762.png,Colon
2_1763.png,Colon
2_1764.png,Colon
2_1765.png,Colon
2_1766.png,Colon
2_1767.png,Colon
2_1768.png,Colon
2_1769.png,Colon
2_1770.png,Colon
2_1771.png,Colon
2_1772.png,Colon
2_1773.png,Colon
2_1774.png,Colon
2_1775.png,Colon
2_1776.png,Colon
2_1777.png,Colon
2_1778.png,Colon
2_1779.png,Colon
2_1780.png,Colon
2_1781.png,Colon
2_1782.png,Colon
2_1783.png,Colon
2_1784.png,Colon
2_1785.png,Colon
2_1786.png,Colon
2_1787.png,Colon
2_1788.png,Colon
2_1789.png,Colon
2_1790.png,Colon
2_1791.png,Colon
2_1792.png,Colon
2_1793.png,Colon
2_1794.png,Colon
2_1795.png,Colon
2_1796.png,Colon
2_1797.png,Colon
2_1798.png,Colon
2_1799.png,Colon
2_1800.png,Colon
2_1801.png,Colon
2_1802.png,Colon
2_1803.png,Colon
2_1804.png,Colon
2_1805.png,Colon
2_1806.png,Colon
2_1807.png,Colon
2_1808.png,Colon
2_1809.png,Colon
2_1810.png,Colon
2_1811.png,Colon
2_1812.png,Colon
2_1813.png,Colon
2_1814.png,Colon
2_1815.png,Colon
2_1816.png,Colon
2_1817.png,Colon
2_1818.png,Colon
2_1819.png,Colon
2_1820.png,Colon
2_1821.png,Colon
2_1822.png,Colon
2_1823.png,Colon
2_1824.png,Colon
2_1825.png,Colon
2_1826.png,Colon
2_1827.png,Colon
2_1828.png,Colon
2_1829.png,Colon
2_1830.png,Colon
2_1831.png,Colon
2_1832.png,Colon
2_1833.png,Colon
2_1834.png,Colon
2_1835.png,Colon
2_1836.png,Colon
2_1837.png,Colon
2_1838.png,Colon
2_1839.png,Colon
2_1840.png,Colon
2_1841.png,Colon
2_1842.png,Colon
2_1843.png,Colon
2_1844.png,Colon
2_1845.png,Colon
2_1846.png,Colon
2_1847.png,Colon
2_1848.png,Colon
2_1849.png,Colon
2_1850.png,Colon
2_1851.png,Colon
2_1852.png,Colon
2_1853.png,Colon
2_1854.png,Colon
2_1855.png,Colon
2_1856.png,Colon
2_1857.png,Colon
2_1858.png,Colon
2_1859.png,Colon
2_1860.png,Colon
2_1861.png,Colon
2_1862.png,Colon
2_1863.png,Colon
2_1864.png,Colon
2_1865.png,Colon
2_1866.png,Colon
2_1867.png,Colon
2_1868.png,Colon
2_1869.png,Colon
2_1870.png,Colon
2_1871.png,Colon
2_1872.png,Colon
2_1873.png,Colon
2_1874.png,Colon
2_1875.png,Colon
2_1876.png,Colon
2_1877.png,Colon
2_1878.png,Colon
2_1879.png,Colon
2_1880.png,Colon
2_1881.png,Colon
2_1882.png,Colon
2_1883.png,Colon
2_1884.png,Colon
2_1885.png,Colon
2_1886.png,Colon
2_1887.png,Colon
2_1888.png,Colon
2_1889.png,Colon
2_1890.png,Colon
2_1891.png,Colon
2_1892.png,Colon
2_1893.png,Colon
2_1894.png,Colon
2_1895.png,Colon
2_1896.png,Colon
2_1897.png,Colon
2_1898.png,Colon
2_1899.png,Colon
2_1900.png,Colon
2_1901.png,Colon
2_1902.png,Colon
2_1903.png,Colon
2_1904.png,Colon
2_1905.png,Colon
2_1906.png,Colon
2_1907.png,Colon
2_1908.png,Colon
2_1909.png,Colon
2_1910.png,Colon
2_1911.png,Colon
2_1912.png,Colon
2_1913.png,Colon
2_1914.png,Colon
2_1915.png,Colon
2_1916.png,Colon
2_1917.png,Colon
2_1918.png,Colon
2_1919.png,Colon
2_1920.png,Colon
2_1921.png,Colon
2_1922.png,Colon
2_1923.png,Colon
2_1924.png,Colon
2_1925.png,Colon
2_1926.png,Colon
2_1927.png,Colon
2_1928.png,Colon
2_1929.png,Colon
2_1930.png,Colon
2_1931.png,Colon
2_1932.png,Colon
2_1933.png,Colon
2_1934.png,Colon
2_1935.png,Colon
2_1936.png,Colon
2_1937.png,Colon
2_1938.png,Colon
2_1939.png,Colon
2_1940.png,Colon
2_1941.png,Colon
2_1942.png,Colon
2_1943.png,Colon
2_1944.png,Colon
2_1945.png,Colon
2_1946.png,Colon
2_1947.png,Esophagus
2_1948.png,Esophagus
2_1949.png,Esophagus
2_1950.png,Esophagus
2_1951.png,Esophagus
2_1952.png,Esophagus
2_1953.png,Esophagus
2_1954.png,Esophagus
2_1955.png,Esophagus
2_1956.png,Esophagus
2_1957.png,Esophagus
2_1958.png,Esophagus
2_1959.png,Esophagus
2_1960.png,Esophagus
2_1961.png,Esophagus
2_1962.png,Esophagus
2_1963.png,Esophagus
2_1964.png,Esophagus
2_1965.png,Esophagus
2_1966.png,Esophagus
2_1967.png,Esophagus
2_1968.png,Esophagus
2_1969.png,Esophagus
2_1970.png,Esophagus
2_1971.png,Esophagus
2_1972.png,Esophagus
2_1973.png,Esophagus
2_1974.png,Esophagus
2_1975.png,Esophagus
2_1976.png,Esophagus
2_1977.png,Esophagus
2_1978.png,Esophagus
2_1979.png,Esophagus
2_1980.png,Esophagus
2_1981.png,Esophagus
2_1982.png,Esophagus
2_1983.png,Esophagus
2_1984.png,Esophagus
2_1985.png,Esophagus
2_1986.png,Esophagus
2_1987.png,HeadNeck
2_1988.png,HeadNeck
2_1989.png,HeadNeck
2_1990.png,HeadNeck
2_1991.png,HeadNeck
2_1992.png,HeadNeck
2_1993.png,HeadNeck
2_1994.png,HeadNeck
2_1995.png,HeadNeck
2_1996.png,HeadNeck
2_1997.png,HeadNeck
2_1998.png,HeadNeck
2_1999.png,HeadNeck
2_2000.png,HeadNeck
2_2001.png,HeadNeck
2_2002.png,HeadNeck
2_2003.png,HeadNeck
2_2004.png,HeadNeck
2_2005.png,HeadNeck
2_2006.png,HeadNeck
2_2007.png,HeadNeck
2_2008.png,HeadNeck
2_2009.png,HeadNeck
2_2010.png,HeadNeck
2_2011.png,HeadNeck
2_2012.png,HeadNeck
2_2013.png,HeadNeck
2_2014.png,HeadNeck
2_2015.png,HeadNeck
2_2016.png,HeadNeck
2_2017.png,HeadNeck
2_2018.png,HeadNeck
2_2019.png,HeadNeck
2_2020.png,HeadNeck
2_2021.png,HeadNeck
2_2022.png,HeadNeck
2_2023.png,HeadNeck
2_2024.png,HeadNeck
2_2025.png,HeadNeck
2_2026.png,HeadNeck
2_2027.png,HeadNeck
2_2028.png,HeadNeck
2_2029.png,HeadNeck
2_2030.png,HeadNeck
2_2031.png,HeadNeck
2_2032.png,HeadNeck
2_2033.png,HeadNeck
2_2034.png,HeadNeck
2_2035.png,HeadNeck
2_2036.png,HeadNeck
2_2037.png,HeadNeck
2_2038.png,HeadNeck
2_2039.png,HeadNeck
2_2040.png,HeadNeck
2_2041.png,HeadNeck
2_2042.png,HeadNeck
2_2043.png,HeadNeck
2_2044.png,HeadNeck
2_2045.png,HeadNeck
2_2046.png,HeadNeck
2_2047.png,HeadNeck
2_2048.png,HeadNeck
2_2049.png,HeadNeck
2_2050.png,HeadNeck
2_2051.png,HeadNeck
2_2052.png,HeadNeck
2_2053.png,HeadNeck
2_2054.png,HeadNeck
2_2055.png,HeadNeck
2_2056.png,HeadNeck
2_2057.png,HeadNeck
2_2058.png,HeadNeck
2_2059.png,HeadNeck
2_2060.png,HeadNeck
2_2061.png,HeadNeck
2_2062.png,HeadNeck
2_2063.png,HeadNeck
2_2064.png,HeadNeck
2_2065.png,HeadNeck
2_2066.png,HeadNeck
2_2067.png,HeadNeck
2_2068.png,HeadNeck
2_2069.png,HeadNeck
2_2070.png,HeadNeck
2_2071.png,HeadNeck
2_2072.png,HeadNeck
2_2073.png,HeadNeck
2_2074.png,HeadNeck
2_2075.png,HeadNeck
2_2076.png,HeadNeck
2_2077.png,HeadNeck
2_2078.png,HeadNeck
2_2079.png,HeadNeck
2_2080.png,HeadNeck
2_2081.png,HeadNeck
2_2082.png,HeadNeck
2_2083.png,HeadNeck
2_2084.png,HeadNeck
2_2085.png,HeadNeck
2_2086.png,HeadNeck
2_2087.png,HeadNeck
2_2088.png,HeadNeck
2_2089.png,HeadNeck
2_2090.png,HeadNeck
2_2091.png,HeadNeck
2_2092.png,HeadNeck
2_2093.png,HeadNeck
2_2094.png,HeadNeck
2_2095.png,HeadNeck
2_2096.png,HeadNeck
2_2097.png,HeadNeck
2_2098.png,HeadNeck
2_2099.png,HeadNeck
2_2100.png,HeadNeck
2_2101.png,HeadNeck
2_2102.png,HeadNeck
2_2103.png,HeadNeck
2_2104.png,HeadNeck
2_2105.png,HeadNeck
2_2106.png,HeadNeck
2_2107.png,HeadNeck
2_2108.png,HeadNeck
2_2109.png,HeadNeck
2_2110.png,HeadNeck
2_2111.png,HeadNeck
2_2112.png,HeadNeck
2_2113.png,HeadNeck
2_2114.png,HeadNeck
2_2115.png,HeadNeck
2_2116.png,HeadNeck
2_2117.png,HeadNeck
2_2118.png,HeadNeck
2_2119.png,HeadNeck
2_2120.png,HeadNeck
2_2121.png,HeadNeck
2_2122.png,HeadNeck
2_2123.png,HeadNeck
2_2124.png,HeadNeck
2_2125.png,HeadNeck
2_2126.png,HeadNeck
2_2127.png,HeadNeck
2_2128.png,HeadNeck
2_2129.png,HeadNeck
2_2130.png,HeadNeck
2_2131.png,HeadNeck
2_2132.png,Kidney
2_2133.png,Kidney
2_2134.png,Kidney
2_2135.png,Kidney
2_2136.png,Kidney
2_2137.png,Kidney
2_2138.png,Kidney
2_2139.png,Kidney
2_2140.png,Kidney
2_2141.png,Kidney
2_2142.png,Kidney
2_2143.png,Kidney
2_2144.png,Kidney
2_2145.png,Kidney
2_2146.png,Kidney
2_2147.png,Kidney
2_2148.png,Kidney
2_2149.png,Kidney
2_2150.png,Kidney
2_2151.png,Kidney
2_2152.png,Kidney
2_2153.png,Kidney
2_2154.png,Kidney
2_2155.png,Kidney
2_2156.png,Kidney
2_2157.png,Kidney
2_2158.png,Kidney
2_2159.png,Kidney
2_2160.png,Kidney
2_2161.png,Kidney
2_2162.png,Kidney
2_2163.png,Liver
2_2164.png,Liver
2_2165.png,Liver
2_2166.png,Liver
2_2167.png,Liver
2_2168.png,Liver
2_2169.png,Liver
2_2170.png,Liver
2_2171.png,Liver
2_2172.png,Liver
2_2173.png,Liver
2_2174.png,Liver
2_2175.png,Liver
2_2176.png,Liver
2_2177.png,Liver
2_2178.png,Liver
2_2179.png,Liver
2_2180.png,Liver
2_2181.png,Liver
2_2182.png,Liver
2_2183.png,Liver
2_2184.png,Liver
2_2185.png,Liver
2_2186.png,Liver
2_2187.png,Liver
2_2188.png,Liver
2_2189.png,Liver
2_2190.png,Liver
2_2191.png,Liver
2_2192.png,Liver
2_2193.png,Liver
2_2194.png,Liver
2_2195.png,Liver
2_2196.png,Liver
2_2197.png,Liver
2_2198.png,Liver
2_2199.png,Liver
2_2200.png,Liver
2_2201.png,Liver
2_2202.png,Liver
2_2203.png,Liver
2_2204.png,Liver
2_2205.png,Liver
2_2206.png,Liver
2_2207.png,Liver
2_2208.png,Liver
2_2209.png,Liver
2_2210.png,Liver
2_2211.png,Liver
2_2212.png,Liver
2_2213.png,Liver
2_2214.png,Liver
2_2215.png,Liver
2_2216.png,Liver
2_2217.png,Liver
2_2218.png,Liver
2_2219.png,Liver
2_2220.png,Liver
2_2221.png,Liver
2_2222.png,Liver
2_2223.png,Liver
2_2224.png,Liver
2_2225.png,Liver
2_2226.png,Liver
2_2227.png,Liver
2_2228.png,Liver
2_2229.png,Liver
2_2230.png,Liver
2_2231.png,Liver
2_2232.png,Liver
2_2233.png,Liver
2_2234.png,Liver
2_2235.png,Liver
2_2236.png,Liver
2_2237.png,Liver
2_2238.png,Liver
2_2239.png,Liver
2_2240.png,Liver
2_2241.png,Liver
2_2242.png,Liver
2_2243.png,Liver
2_2244.png,Liver
2_2245.png,Liver
2_2246.png,Liver
2_2247.png,Liver
2_2248.png,Liver
2_2249.png,Liver
2_2250.png,Liver
2_2251.png,Liver
2_2252.png,Liver
2_2253.png,Liver
2_2254.png,Liver
2_2255.png,Liver
2_2256.png,Lung
2_2257.png,Lung
2_2258.png,Lung
2_2259.png,Lung
2_2260.png,Lung
2_2261.png,Lung
2_2262.png,Lung
2_2263.png,Lung
2_2264.png,Lung
2_2265.png,Ovarian
2_2266.png,Ovarian
2_2267.png,Ovarian
2_2268.png,Ovarian
2_2269.png,Ovarian
2_2270.png,Ovarian
2_2271.png,Ovarian
2_2272.png,Ovarian
2_2273.png,Ovarian
2_2274.png,Ovarian
2_2275.png,Ovarian
2_2276.png,Ovarian
2_2277.png,Ovarian
2_2278.png,Ovarian
2_2279.png,Ovarian
2_2280.png,Ovarian
2_2281.png,Ovarian
2_2282.png,Ovarian
2_2283.png,Ovarian
2_2284.png,Ovarian
2_2285.png,Ovarian
2_2286.png,Ovarian
2_2287.png,Ovarian
2_2288.png,Ovarian
2_2289.png,Ovarian
2_2290.png,Ovarian
2_2291.png,Ovarian
2_2292.png,Ovarian
2_2293.png,Ovarian
2_2294.png,Ovarian
2_2295.png,Ovarian
2_2296.png,Ovarian
2_2297.png,Ovarian
2_2298.png,Ovarian
2_2299.png,Ovarian
2_2300.png,Ovarian
2_2301.png,Ovarian
2_2302.png,Ovarian
2_2303.png,Ovarian
2_2304.png,Ovarian
2_2305.png,Ovarian
2_2306.png,Ovarian
2_2307.png,Ovarian
2_2308.png,Ovarian
2_2309.png,Ovarian
2_2310.png,Ovarian
2_2311.png,Ovarian
2_2312.png,Ovarian
2_2313.png,Pancreatic
2_2314.png,Pancreatic
2_2315.png,Pancreatic
2_2316.png,Pancreatic
2_2317.png,Pancreatic
2_2318.png,Pancreatic
2_2319.png,Pancreatic
2_2320.png,Pancreatic
2_2321.png,Pancreatic
2_2322.png,Pancreatic
2_2323.png,Pancreatic
2_2324.png,Pancreatic
2_2325.png,Pancreatic
2_2326.png,Pancreatic
2_2327.png,Pancreatic
2_2328.png,Pancreatic
2_2329.png,Pancreatic
2_2330.png,Pancreatic
2_2331.png,Pancreatic
2_2332.png,Pancreatic
2_2333.png,Prostate
2_2334.png,Prostate
2_2335.png,Prostate
2_2336.png,Prostate
2_2337.png,Prostate
2_2338.png,Prostate
2_2339.png,Prostate
2_2340.png,Prostate
2_2341.png,Prostate
2_2342.png,Prostate
2_2343.png,Prostate
2_2344.png,Prostate
2_2345.png,Prostate
2_2346.png,Prostate
2_2347.png,Prostate
2_2348.png,Prostate
2_2349.png,Prostate
2_2350.png,Prostate
2_2351.png,Prostate
2_2352.png,Prostate
2_2353.png,Prostate
2_2354.png,Prostate
2_2355.png,Prostate
2_2356.png,Prostate
2_2357.png,Prostate
2_2358.png,Prostate
2_2359.png,Prostate
2_2360.png,Prostate
2_2361.png,Prostate
2_2362.png,Prostate
2_2363.png,Prostate
2_2364.png,Prostate
2_2365.png,Prostate
2_2366.png,Prostate
2_2367.png,Prostate
2_2368.png,Prostate
2_2369.png,Prostate
2_2370.png,Prostate
2_2371.png,Prostate
2_2372.png,Prostate
2_2373.png,Prostate
2_2374.png,Prostate
2_2375.png,Prostate
2_2376.png,Skin
2_2377.png,Skin
2_2378.png,Skin
2_2379.png,Skin
2_2380.png,Skin
2_2381.png,Skin
2_2382.png,Skin
2_2383.png,Skin
2_2384.png,Skin
2_2385.png,Skin
2_2386.png,Skin
2_2387.png,Skin
2_2388.png,Skin
2_2389.png,Skin
2_2390.png,Skin
2_2391.png,Skin
2_2392.png,Skin
2_2393.png,Skin
2_2394.png,Skin
2_2395.png,Skin
2_2396.png,Skin
2_2397.png,Skin
2_2398.png,Skin
2_2399.png,Skin
2_2400.png,Skin
2_2401.png,Skin
2_2402.png,Skin
2_2403.png,Skin
2_2404.png,Skin
2_2405.png,Skin
2_2406.png,Skin
2_2407.png,Skin
2_2408.png,Skin
2_2409.png,Skin
2_2410.png,Skin
2_2411.png,Skin
2_2412.png,Stomach
2_2413.png,Stomach
2_2414.png,Stomach
2_2415.png,Stomach
2_2416.png,Stomach
2_2417.png,Stomach
2_2418.png,Stomach
2_2419.png,Stomach
2_2420.png,Stomach
2_2421.png,Stomach
2_2422.png,Stomach
2_2423.png,Stomach
2_2424.png,Stomach
2_2425.png,Stomach
2_2426.png,Stomach
2_2427.png,Stomach
2_2428.png,Stomach
2_2429.png,Stomach
2_2430.png,Stomach
2_2431.png,Stomach
2_2432.png,Stomach
2_2433.png,Stomach
2_2434.png,Stomach
2_2435.png,Stomach
2_2436.png,Stomach
2_2437.png,Stomach
2_2438.png,Stomach
2_2439.png,Stomach
2_2440.png,Stomach
2_2441.png,Stomach
2_2442.png,Stomach
2_2443.png,Stomach
2_2444.png,Stomach
2_2445.png,Stomach
2_2446.png,Stomach
2_2447.png,Stomach
2_2448.png,Stomach
2_2449.png,Stomach
2_2450.png,Stomach
2_2451.png,Stomach
2_2452.png,Stomach
2_2453.png,Stomach
2_2454.png,Stomach
2_2455.png,Testis
2_2456.png,Testis
2_2457.png,Testis
2_2458.png,Testis
2_2459.png,Testis
2_2460.png,Testis
2_2461.png,Testis
2_2462.png,Testis
2_2463.png,Testis
2_2464.png,Testis
2_2465.png,Testis
2_2466.png,Testis
2_2467.png,Testis
2_2468.png,Testis
2_2469.png,Testis
2_2470.png,Testis
2_2471.png,Testis
2_2472.png,Testis
2_2473.png,Testis
2_2474.png,Testis
2_2475.png,Testis
2_2476.png,Testis
2_2477.png,Testis
2_2478.png,Testis
2_2479.png,Testis
2_2480.png,Testis
2_2481.png,Testis
2_2482.png,Testis
2_2483.png,Thyroid
2_2484.png,Thyroid
2_2485.png,Thyroid
2_2486.png,Thyroid
2_2487.png,Thyroid
2_2488.png,Thyroid
2_2489.png,Thyroid
2_2490.png,Thyroid
2_2491.png,Thyroid
2_2492.png,Thyroid
2_2493.png,Thyroid
2_2494.png,Thyroid
2_2495.png,Thyroid
2_2496.png,Thyroid
2_2497.png,Thyroid
2_2498.png,Thyroid
2_2499.png,Thyroid
2_2500.png,Thyroid
2_2501.png,Thyroid
2_2502.png,Thyroid
2_2503.png,Thyroid
2_2504.png,Thyroid
2_2505.png,Thyroid
2_2506.png,Thyroid
2_2507.png,Thyroid
2_2508.png,Thyroid
2_2509.png,Thyroid
2_2510.png,Thyroid
2_2511.png,Thyroid
2_2512.png,Thyroid
2_2513.png,Thyroid
2_2514.png,Thyroid
2_2515.png,Thyroid
2_2516.png,Thyroid
2_2517.png,Thyroid
2_2518.png,Thyroid
2_2519.png,Thyroid
2_2520.png,Thyroid
2_2521.png,Thyroid
2_2522.png,Thyroid
2_2523.png,Uterus
2_2524.png,Uterus
2_2525.png,Uterus
2_2526.png,Uterus
2_2527.png,Uterus
2_2528.png,Uterus
2_2529.png,Uterus
2_2530.png,Uterus
2_2531.png,Uterus
2_2532.png,Uterus
2_2533.png,Uterus
2_2534.png,Uterus
2_2535.png,Uterus
2_2536.png,Uterus
2_2537.png,Uterus
2_2538.png,Uterus
2_2539.png,Uterus
2_2540.png,Uterus
2_2541.png,Uterus
2_2542.png,Uterus
2_2543.png,Uterus
2_2544.png,Uterus
2_2545.png,Uterus
2_2546.png,Uterus
2_2547.png,Uterus
2_2548.png,Uterus
2_2549.png,Uterus
2_2550.png,Uterus
2_2551.png,Uterus
2_2552.png,Uterus
2_2553.png,Uterus
2_2554.png,Uterus
2_2555.png,Uterus
2_2556.png,Uterus
2_2557.png,Uterus
2_2558.png,Uterus
2_2559.png,Uterus
2_2560.png,Uterus
2_2561.png,Uterus
2_2562.png,Uterus
2_2563.png,Uterus
2_2564.png,Uterus
2_2565.png,Uterus
2_2566.png,Uterus
2_2567.png,Uterus
2_2568.png,Uterus
2_2569.png,Uterus
2_2570.png,Uterus
2_2571.png,Uterus
2_2572.png,Uterus
2_2573.png,Uterus
2_2574.png,Uterus
2_2575.png,Uterus
2_2576.png,Uterus
2_2577.png,Uterus
2_2578.png,Uterus
2_2579.png,Uterus
2_2580.png,Uterus
2_2581.png,Uterus
2_2582.png,Uterus
2_2583.png,Uterus
2_2584.png,Uterus
2_2585.png,Uterus
2_2586.png,Uterus
2_2587.png,Uterus
2_2588.png,Uterus
2_2589.png,Uterus
2_2590.png,Uterus
2_2591.png,Uterus
2_2592.png,Uterus
2_2593.png,Uterus
2_2594.png,Uterus
2_2595.png,Uterus
2_2596.png,Uterus
2_2597.png,Uterus
2_2598.png,Uterus
2_2599.png,Uterus
2_2600.png,Uterus
2_2601.png,Uterus
2_2602.png,Uterus
2_2603.png,Uterus
2_2604.png,Uterus
2_2605.png,Uterus
2_2606.png,Uterus
2_2607.png,Uterus
2_2608.png,Uterus
2_2609.png,Uterus
2_2610.png,Uterus
2_2611.png,Uterus
2_2612.png,Uterus
2_2613.png,Uterus
2_2614.png,Uterus
2_2615.png,Uterus
2_2616.png,Uterus
2_2617.png,Uterus
2_2618.png,Uterus
2_2619.png,Uterus
2_2620.png,Uterus
2_2621.png,Uterus
2_2622.png,Uterus
2_2623.png,Uterus
2_2624.png,Uterus
2_2625.png,Uterus
2_2626.png,Uterus
2_2627.png,Uterus
2_2628.png,Uterus
2_2629.png,Uterus
2_2630.png,Uterus
2_2631.png,Uterus
2_2632.png,Uterus
2_2633.png,Uterus
2_2634.png,Colon
2_2635.png,Colon
2_2636.png,Colon
2_2637.png,Colon
2_2638.png,Colon
2_2639.png,Colon
2_2640.png,Colon
2_2641.png,Colon
2_2642.png,Colon
2_2643.png,Colon
2_2644.png,Colon
2_2645.png,Colon
2_2646.png,Colon
2_2647.png,Colon
2_2648.png,Colon
2_2649.png,Colon
2_2650.png,Colon
2_2651.png,Colon
2_2652.png,Colon
2_2653.png,Colon
2_2654.png,Colon
2_2655.png,Colon
2_2656.png,Colon
2_2657.png,Colon
2_2658.png,Colon
2_2659.png,Colon
2_2660.png,Colon
2_2661.png,Colon
2_2662.png,Colon
2_2663.png,Colon
2_2664.png,Colon
2_2665.png,Colon
2_2666.png,Colon
2_2667.png,Colon
2_2668.png,Colon
2_2669.png,Colon
2_2670.png,Colon
2_2671.png,Colon
2_2672.png,Colon
2_2673.png,Colon
2_2674.png,Colon
2_2675.png,Colon
2_2676.png,Colon
2_2677.png,Colon
2_2678.png,Colon
2_2679.png,Colon
2_2680.png,Colon
2_2681.png,Colon
2_2682.png,Colon
2_2683.png,Colon
2_2684.png,Colon
2_2685.png,Colon
2_2686.png,Colon
2_2687.png,Colon
2_2688.png,Colon
2_2689.png,Colon
2_2690.png,Colon
2_2691.png,Colon
2_2692.png,Colon
2_2693.png,Colon
2_2694.png,Colon
2_2695.png,Colon
2_2696.png,Colon
2_2697.png,Colon
2_2698.png,Colon
2_2699.png,Colon
2_2700.png,Colon
2_2701.png,Colon
2_2702.png,Colon
2_2703.png,Colon
2_2704.png,Colon
2_2705.png,Colon
2_2706.png,Colon
2_2707.png,Colon
2_2708.png,Colon
2_2709.png,Colon
2_2710.png,Colon
2_2711.png,Colon
2_2712.png,Colon
2_2713.png,Colon
2_2714.png,Colon
2_2715.png,Colon
2_2716.png,Colon
2_2717.png,Colon
2_2718.png,Colon
2_2719.png,Colon
2_2720.png,Colon
2_2721.png,Colon
